country,n_orders,total_amount,user_id,is_high_value
GB,1,117.98,u063,1
US,19,158.18,u041,1
CA,13,145.31,u056,1
GB,12,103.58,u075,1
GB,7,171.35,u061,1
CA,17,63.35,u078,1
US,5,80.33,u085,1
US,2,188.69,u082,1
GB,13,27.8,u064,0
GB,13,11.75,u047,0
CA,17,186.38,u087,1
US,8,79.88,u002,1
GB,12,31.56,u023,0
CA,4,187.87,u098,1
CA,1,27.69,u032,0
CA,15,115.49,u029,1
CA,5,165.27,u028,1
GB,16,187.98,u020,1
GB,19,105.5,u073,1
GB,10,119.61,u074,1
